Image,target

508.jpg,kathak

246.jpg,kathakali

473.jpg,bharatanatyam

485.jpg,odissi

128.jpg,kathak

410.jpg,odissi

465.jpg,odissi

196.jpg,mohiniyattam

340.jpg,kuchipudi

467.jpg,kathak

306.jpg,mohiniyattam

171.jpg,odissi

323.jpg,kathak

332.jpg,kathakali

330.jpg,kuchipudi

170.jpg,bharatanatyam

479.jpg,odissi

9.jpg,bharatanatyam

283.jpg,mohiniyattam

114.jpg,odissi

507.jpg,odissi

183.jpg,kathakali

200.jpg,kathakali

457.jpg,mohiniyattam

264.jpg,mohiniyattam

194.jpg,manipuri

518.jpg,kathakali

175.jpg,bharatanatyam

64.jpg,odissi

152.jpg,odissi

270.jpg,manipuri

125.jpg,odissi

38.jpg,kathak

440.jpg,kuchipudi

302.jpg,mohiniyattam

394.jpg,bharatanatyam

448.jpg,odissi

463.jpg,bharatanatyam

20.jpg,kathak

301.jpg,mohiniyattam

28.jpg,kathak

61.jpg,sattriya

398.jpg,sattriya

349.jpg,odissi

271.jpg,sattriya

286.jpg,mohiniyattam

431.jpg,mohiniyattam

316.jpg,sattriya

224.jpg,mohiniyattam

411.jpg,odissi

278.jpg,mohiniyattam

456.jpg,sattriya

45.jpg,manipuri

324.jpg,kuchipudi

6.jpg,mohiniyattam

59.jpg,sattriya

86.jpg,bharatanatyam

470.jpg,odissi

374.jpg,kuchipudi

132.jpg,sattriya

216.jpg,mohiniyattam

95.jpg,kathak

17.jpg,kathak

162.jpg,odissi

346.jpg,kuchipudi

439.jpg,bharatanatyam

232.jpg,kathakali

150.jpg,odissi

401.jpg,odissi

145.jpg,bharatanatyam

23.jpg,bharatanatyam

514.jpg,mohiniyattam

193.jpg,sattriya

416.jpg,kathakali

447.jpg,kuchipudi

220.jpg,kuchipudi

505.jpg,manipuri

147.jpg,odissi

210.jpg,kathakali

40.jpg,bharatanatyam

284.jpg,mohiniyattam

55.jpg,kuchipudi

378.jpg,kathakali

520.jpg,kuchipudi

484.jpg,odissi

112.jpg,kathakali

360.jpg,sattriya

317.jpg,kuchipudi

71.jpg,odissi

202.jpg,kathakali

92.jpg,manipuri

11.jpg,odissi

67.jpg,bharatanatyam

138.jpg,kathak

506.jpg,odissi

146.jpg,mohiniyattam

318.jpg,sattriya

198.jpg,mohiniyattam

375.jpg,kuchipudi

41.jpg,bharatanatyam

421.jpg,odissi

129.jpg,sattriya

14.jpg,kathak

460.jpg,kathakali

34.jpg,bharatanatyam

380.jpg,mohiniyattam

238.jpg,sattriya

392.jpg,odissi

80.jpg,manipuri

517.jpg,kuchipudi

13.jpg,sattriya

189.jpg,kathakali

390.jpg,bharatanatyam

487.jpg,odissi

438.jpg,kuchipudi

482.jpg,odissi

206.jpg,kathakali

217.jpg,kathakali

285.jpg,mohiniyattam

385.jpg,kuchipudi

495.jpg,kuchipudi

269.jpg,mohiniyattam

429.jpg,odissi

291.jpg,mohiniyattam

461.jpg,odissi

256.jpg,mohiniyattam

48.jpg,mohiniyattam

290.jpg,sattriya

437.jpg,sattriya

498.jpg,mohiniyattam

173.jpg,kuchipudi

280.jpg,manipuri

119.jpg,kuchipudi

363.jpg,sattriya

97.jpg,bharatanatyam

414.jpg,sattriya

386.jpg,odissi

424.jpg,manipuri

157.jpg,bharatanatyam

33.jpg,mohiniyattam

354.jpg,manipuri

57.jpg,odissi

108.jpg,odissi

239.jpg,kathakali

441.jpg,kuchipudi

215.jpg,kathakali

373.jpg,kuchipudi

292.jpg,sattriya

110.jpg,kathak

510.jpg,bharatanatyam

275.jpg,kathakali

366.jpg,odissi

226.jpg,odissi

35.jpg,odissi

458.jpg,kathakali

358.jpg,sattriya

